{
    "objects": [
        {
            "childs": null,
            "gameObject": {
                "active": true,
                "components": [
                    {
                        "enable": true,
                        "meshName": "rock2.fbx",
                        "name": "MeshRenderer",
                        "priority": 0
                    }
                ],
                "layer": 0,
                "name": "Rock2_1",
                "tag": 0,
                "transform": {
                    "child": null,
                    "pos": [
                        4.599999904632568,
                        -4.900000095367432,
                        -4.900000095367432
                    ],
                    "rotation": [
                        0.0,
                        0.9170603156089783,
                        0.0,
                        0.39874863624572754
                    ],
                    "scale": [
                        10.000001907348633,
                        10.0,
                        10.000001907348633
                    ]
                }
            }
        },
        {
            "childs": null,
            "gameObject": {
                "active": true,
                "components": [
                    {
                        "distance": 1000.0,
                        "enable": true,
                        "fov": 45.0,
                        "name": "Camera",
                        "priority": 0,
                        "viewSlot": 0
                    }
                ],
                "layer": 0,
                "name": "TitleCamera",
                "tag": 0,
                "transform": {
                    "child": null,
                    "pos": [
                        0.0,
                        -3.799999952316284,
                        -16.200000762939453
                    ],
                    "rotation": [
                        0.02617696113884449,
                        0.0,
                        -0.0,
                        0.9996573328971863
                    ],
                    "scale": [
                        1.0,
                        1.0,
                        1.0
                    ]
                }
            }
        },
        {
            "childs": null,
            "gameObject": {
                "active": true,
                "components": [
                    {
                        "enable": true,
                        "name": "SpriteRenderer",
                        "priority": 0,
                        "sprite": {
                            "texName": "ground1_Diffuse.png",
                            "uvDivNum": [
                                0.0,
                                0.0
                            ],
                            "uvEnd": [
                                1.0,
                                1.0
                            ],
                            "uvStart": [
                                0.0,
                                0.0
                            ]
                        }
                    }
                ],
                "layer": 0,
                "name": "Ground",
                "tag": 0,
                "transform": {
                    "child": null,
                    "pos": [
                        0.0,
                        -5.0,
                        0.0
                    ],
                    "rotation": [
                        -0.0,
                        0.0,
                        -0.0,
                        1.0
                    ],
                    "scale": [
                        40.0,
                        1.0,
                        40.0
                    ]
                }
            }
        },
        {
            "childs": null,
            "gameObject": {
                "active": true,
                "components": [
                    {
                        "X_Left": "Sunset_left.png",
                        "X_Right": "Sunset_right.png",
                        "Y_Bottom": "Sunset_down.png",
                        "Y_Top": "Sunset_up.png",
                        "Z_Back": "Sunset_back.png",
                        "Z_Front": "Sunset_front.png",
                        "enable": true,
                        "name": "SkyBox",
                        "priority": 0
                    }
                ],
                "layer": 0,
                "name": "SkyBox",
                "tag": 0,
                "transform": {
                    "child": null,
                    "pos": [
                        0.0,
                        0.0,
                        0.0
                    ],
                    "rotation": [
                        0.0,
                        0.0,
                        0.0,
                        1.0
                    ],
                    "scale": [
                        1.0,
                        1.0,
                        1.0
                    ]
                }
            }
        },
        {
            "childs": null,
            "gameObject": {
                "active": true,
                "components": [
                    {
                        "enable": true,
                        "meshName": "rock1.fbx",
                        "name": "MeshRenderer",
                        "priority": 0
                    }
                ],
                "layer": 0,
                "name": "Rock1_1",
                "tag": 0,
                "transform": {
                    "child": null,
                    "pos": [
                        13.800000190734863,
                        2.4000000953674316,
                        1.100000023841858
                    ],
                    "rotation": [
                        0.6934794783592224,
                        0.23311308026313782,
                        -0.25011658668518066,
                        0.6341814994812012
                    ],
                    "scale": [
                        2.0,
                        2.0,
                        2.0
                    ]
                }
            }
        },
        {
            "childs": [
                {
                    "childs": null,
                    "gameObject": {
                        "active": true,
                        "components": [
                            {
                                "enable": true,
                                "endFrame": 34,
                                "isLoop": true,
                                "isTrimming": true,
                                "name": "VisualEffect",
                                "playSpeed": 0.7680000066757202,
                                "priority": 0,
                                "startFrame": 23,
                                "vfxName": "Fire01"
                            }
                        ],
                        "layer": 0,
                        "name": "FireVFX",
                        "tag": 0,
                        "transform": {
                            "child": null,
                            "pos": [
                                0.01828049123287201,
                                -5.099999904632568,
                                -11.648881912231445
                            ],
                            "rotation": [
                                -0.0,
                                -0.06104860454797745,
                                -0.0,
                                0.9981347918510437
                            ],
                            "scale": [
                                0.6000000238418579,
                                0.800000011920929,
                                0.699999988079071
                            ]
                        }
                    }
                }
            ],