{
    "childs": [
        {
            "childs": [
                {
                    "childs": [
                        {
                            "childs": null,
                            "gameObject": {
                                "active": true,
                                "components": [
                                    {
                                        "enable": true,
                                        "meshName": "Sword15_FBX.fbx",
                                        "name": "MeshRenderer",
                                        "priority": 0
                                    }
                                ],
                                "layer": 0,
                                "name": "Boss_WeaponModel",
                                "tag": 0,
                                "transform": {
                                    "child": null,
                                    "pos": [
                                        0.5639991760253906,
                                        -0.18000707030296326,
                                        0.41999858617782593
                                    ],
                                    "rotation": [
                                        -0.6008124351501465,
                                        0.7962932586669922,
                                        -0.0504688061773777,
                                        -0.04893164709210396
                                    ],
                                    "scale": [
                                        1.4400005340576172,
                                        1.4399995803833008,
                                        1.4400004148483276
                                    ]
                                }
                            }
                        }
                    ],
                    "gameObject": {
                        "active": true,
                        "components": [
                            {
                                "angles": [
                                    0.0,
                                    0.0,
                                    0.0
                                ],
                                "center": [
                                    0.0,
                                    1.2999999523162842,
                                    0.0
                                ],
                                "enable": true,
                                "height": 1.7000000476837158,
                                "name": "CapsuleCollider",
                                "priority": 0,
                                "radius": 0.30000001192092896
                            },
                            {
                                "enable": true,
                                "friction": 0.5,
                                "isAwake": false,
                                "isFreezeRot": [
                                    false,
                                    false,
                                    false
                                ],
                                "isKinematic": false,
                                "isTrigger": true,
                                "mass": 1.0,
                                "name": "RigidBody",
                                "priority": 0
                            },
                            {
                                "attackableTags": [
                                    2
                                ],
                                "enable": true,
                                "isDebugDisplay": true,
                                "name": "Weapon",
                                "priority": 0
                            }
                        ],
                        "layer": 0,
                        "name": "Boss_Weapon",
                        "tag": 0,
                        "transform": {
                            "child": [
                                "Boss_WeaponModel"
                            ],
                            "pos": [
                                0.5640008449554443,
                                -0.1800040453672409,
                                0.4199986755847931
                            ],
                            "rotation": [
                                -0.6008124351501465,
                                0.7962931990623474,
                                -0.0504688024520874,
                                -0.048931773751974106
                            ],
                            "scale": [
                                1.2000006437301636,
                                1.1999995708465576,
                                1.2000001668930054
                            ]
                        }
                    }
                }
            ],
            "gameObject": {
                "active": true,
                "components": [
                    {
                        "enable": true,
                        "grabName": "mixamorig:RightHand",
                        "name": "Rig",
                        "priority": 0
                    }
                ],
                "layer": 0,
                "name": "Boss_WeaponHand",
                "tag": 0,
                "transform": {
                    "child": [
                        "Boss_Weapon"
                    ],
                    "pos": [
                        0.60000079870224,
                        -0.36000311374664307,
                        0.35999906063079834
                    ],
                    "rotation": [
                        0.0,
                        1.0,
                        0.0,
                        -4.76837158203125e-07
                    ],
                    "scale": [
                        1.1999998092651367,
                        1.1999998092651367,
                        1.1999998092651367
                    ]
                }
            }
        }
    ],
    "gameObject": {
        "active": true,
        "components": [
            {
                "enable": true,
                "meshName": "Uriel A Plotexia.fbx",
                "name": "MeshRenderer",
                "priority": 0
            },
            {
                "enable": true,
                "friction": 0.20000000298023224,
                "isAwake": true,
                "isFreezeRot": [
                    true,
                    true,
                    true
                ],
                "isKinematic": true,
                "isTrigger": false,
                "mass": 1.0,
                "name": "RigidBody",
                "priority": 0
            },
            {
                "angles": [
                    0.0,
                    0.0,
                    0.0
                ],
                "center": [
                    0.0,
                    1.149999976158142,
                    0.0
                ],
                "enable": true,
                "height": 1.3300000429153442,
                "name": "CapsuleCollider",
                "priority": 0,
                "radius": 0.5299999713897705
            },
            {
                "animConName": "ANC_Boss",
                "enable": true,
                "name": "Animation",
                "priority": 1
            },
            {
                "actionController": {
                    "actData": [
                        {
                            "data": null,
                            "typeString": "Idle"
                        },
                        {
                            "data": {
                                "moveAcceleration": 4.0,
                                "moveMaxSpeed": 9.0,
                                "moveRotateSpeed": 120.0,
                                "transNearDistance": 6.0
                            },