{
    "childs": [
        {
            "childs": [
                {
                    "childs": [
                        {
                            "childs": null,
                            "gameObject": {
                                "active": true,
                                "components": [
                                    {
                                        "enable": true,
                                        "meshName": "Sword15_FBX.fbx",
                                        "name": "MeshRenderer",
                                        "priority": 0
                                    }
                                ],
                                "layer": 0,
                                "name": "Boss_WeaponModel",
                                "tag": 0,
                                "transform": {
                                    "child": null,
                                    "pos": [
                                        0.5639988780021667,
                                        0.019985197111964226,
                                        3.2199981212615967
                                    ],
                                    "rotation": [
                                        -0.6008124947547913,
                                        0.7962931990623474,
                                        -0.050468795001506805,
                                        -0.04893164709210396
                                    ],
                                    "scale": [
                                        1.4400008916854858,
                                        1.4399991035461426,
                                        1.4400004148483276
                                    ]
                                }
                            }
                        }
                    ],
                    "gameObject": {
                        "active": true,
                        "components": [
                            {
                                "angles": [
                                    0.0,
                                    0.0,
                                    0.0
                                ],
                                "center": [
                                    0.0,
                                    1.2999999523162842,
                                    0.0
                                ],
                                "enable": true,
                                "height": 1.7000000476837158,
                                "name": "CapsuleCollider",
                                "priority": 0,
                                "radius": 0.5299999713897705
                            },
                            {
                                "enable": true,
                                "friction": 0.5,
                                "isAwake": false,
                                "isFreezeRot": [
                                    false,
                                    false,
                                    false
                                ],
                                "isKinematic": false,
                                "isTrigger": true,
                                "mass": 1.0,
                                "name": "RigidBody",
                                "priority": 0
                            },
                            {
                                "attackableTags": [
                                    2
                                ],
                                "enable": true,
                                "isDebugDisplay": true,
                                "name": "Weapon",
                                "priority": 0
                            }
                        ],
                        "layer": 0,
                        "name": "Boss_Weapon",
                        "tag": 0,
                        "transform": {
                            "child": [
                                "Boss_WeaponModel"
                            ],
                            "pos": [
                                0.5640002489089966,
                                0.019989043474197388,
                                3.2199981212615967
                            ],
                            "rotation": [
                                -0.6008126139640808,
                                0.7962931990623474,
                                -0.05046879127621651,
                                -0.048931784927845
                            ],
                            "scale": [
                                1.2000007629394531,
                                1.1999999284744263,
                                1.200000524520874
                            ]
                        }
                    }
                }
            ],
            "gameObject": {
                "active": true,
                "components": [
                    {
                        "enable": true,
                        "grabName": "mixamorig:RightHand",
                        "name": "Rig",
                        "priority": 0
                    }
                ],
                "layer": 0,
                "name": "Boss_WeaponHand",
                "tag": 0,
                "transform": {
                    "child": [
                        "Boss_Weapon"
                    ],
                    "pos": [
                        0.6000004410743713,
                        -0.1600082367658615,
                        3.159998893737793
                    ],
                    "rotation": [
                        0.0,
                        1.0,
                        0.0,
                        -4.76837158203125e-07
                    ],
                    "scale": [
                        1.1999998092651367,
                        1.1999998092651367,
                        1.1999998092651367
                    ]
                }
            }
        }
    ],
    "gameObject": {
        "active": true,
        "components": [
            {
                "enable": true,
                "meshName": "Uriel A Plotexia.fbx",
                "name": "MeshRenderer",
                "priority": 0
            },
            {
                "enable": true,
                "friction": 2.0,
                "isAwake": true,
                "isFreezeRot": [
                    true,
                    true,
                    true
                ],
                "isKinematic": false,
                "isTrigger": false,
                "mass": 10000.0,
                "name": "RigidBody",
                "priority": 0
            },
            {
                "angles": [
                    0.0,
                    0.0,
                    0.0
                ],
                "center": [
                    0.0,
                    1.149999976158142,
                    0.0
                ],
                "enable": true,
                "height": 1.3300000429153442,
                "name": "CapsuleCollider",
                "priority": 0,
                "radius": 0.5299999713897705
            },
            {
                "animConName": "ANC_Boss",
                "enable": true,
                "name": "Animation",
                "priority": 1
            },
            {
                "actionController": {
                    "actData": [
                        {
                            "data": null,
                            "typeString": "Idle"
                        },
                        {
                            "data": {
                                "moveAcceleration": 4.0,
                                "moveMaxSpeed": 5.0,
                                "moveRotateSpeed": 10.0,
                                "transNearDistance": 2.0
                            },