{
    "childs": [
        {
            "childs": [
                {
                    "childs": [
                        {
                            "childs": null,
                            "gameObject": {
                                "active": true,
                                "components": [
                                    {
                                        "enable": true,
                                        "meshName": "Sword15_FBX.fbx",
                                        "name": "MeshRenderer",
                                        "priority": 0
                                    }
                                ],
                                "layer": 0,
                                "name": "Boss_WeaponModel",
                                "tag": 0,
                                "transform": {
                                    "child": null,
                                    "pos": [
                                        0.6579986214637756,
                                        -0.010017452761530876,
                                        7.689996242523193
                                    ],
                                    "rotation": [
                                        -0.6008124947547913,
                                        0.7962931990623474,
                                        -0.05046877637505531,
                                        -0.04893164336681366
                                    ],
                                    "scale": [
                                        1.6800007820129395,
                                        1.679998755455017,
                                        1.68000066280365
                                    ]
                                }
                            }
                        }
                    ],
                    "gameObject": {
                        "active": true,
                        "components": [
                            {
                                "angles": [
                                    0.0,
                                    0.0,
                                    0.0
                                ],
                                "center": [
                                    0.0,
                                    1.2999999523162842,
                                    0.0
                                ],
                                "enable": true,
                                "height": 1.7000000476837158,
                                "name": "CapsuleCollider",
                                "priority": 0,
                                "radius": 0.3499999940395355
                            },
                            {
                                "enable": true,
                                "friction": 0.5,
                                "isAwake": false,
                                "isFreezeRot": [
                                    false,
                                    false,
                                    false
                                ],
                                "isKinematic": false,
                                "isTrigger": true,
                                "mass": 1.0,
                                "name": "RigidBody",
                                "priority": 0
                            },
                            {
                                "attackableTags": [
                                    2
                                ],
                                "enable": true,
                                "isDebugDisplay": false,
                                "name": "Weapon",
                                "priority": 0
                            }
                        ],
                        "layer": 0,
                        "name": "Boss_Weapon",
                        "tag": 0,
                        "transform": {
                            "child": [
                                "Boss_WeaponModel"
                            ],
                            "pos": [
                                0.6580001711845398,
                                -0.01001274585723877,
                                7.689997673034668
                            ],
                            "rotation": [
                                -0.6008126139640808,
                                0.7962931990623474,
                                -0.05046878382563591,
                                -0.0489317812025547
                            ],
                            "scale": [
                                1.4000006914138794,
                                1.399999976158142,
                                1.4000006914138794
                            ]
                        }
                    }
                }
            ],
            "gameObject": {
                "active": true,
                "components": [
                    {
                        "enable": true,
                        "grabName": "mixamorig:RightHand",
                        "name": "Rig",
                        "priority": 0
                    }
                ],
                "layer": 0,
                "name": "Boss_WeaponHand",
                "tag": 0,
                "transform": {
                    "child": [
                        "Boss_Weapon"
                    ],
                    "pos": [
                        0.7000004053115845,
                        -0.22000955045223236,
                        7.619998931884766
                    ],
                    "rotation": [
                        0.0,
                        1.0,
                        0.0,
                        -4.76837158203125e-07
                    ],
                    "scale": [
                        1.3999996185302734,
                        1.3999996185302734,
                        1.3999996185302734
                    ]
                }
            }
        }
    ],
    "gameObject": {
        "active": true,
        "components": [
            {
                "enable": true,
                "meshName": "Uriel A Plotexia.fbx",
                "name": "MeshRenderer",
                "priority": 0
            },
            {
                "enable": true,
                "friction": 2.0,
                "isAwake": true,
                "isFreezeRot": [
                    true,
                    true,
                    true
                ],
                "isKinematic": false,
                "isTrigger": false,
                "mass": 10000.0,
                "name": "RigidBody",
                "priority": 0
            },
            {
                "angles": [
                    0.0,
                    0.0,
                    0.0
                ],
                "center": [
                    0.0,
                    1.149999976158142,
                    0.0
                ],
                "enable": true,
                "height": 1.3300000429153442,
                "name": "CapsuleCollider",
                "priority": 0,
                "radius": 0.5299999713897705
            },
            {
                "animConName": "ANC_Boss",
                "enable": true,
                "name": "Animation",
                "priority": 1
            },
            {
                "actionController": {
                    "actData": [
                        {
                            "data": {
                                "isIdleOnly": true,
                                "warpMotion": {
                                    "useWarp": false
                                }
                            },
                            "typeString": "Idle"
                        },
                        {
                            "data": {
                                "moveAcceleration": 7.300000190734863,