{
    "childs": [
        {
            "childs": [
                {
                    "childs": [
                        {
                            "childs": null,
                            "gameObject": {
                                "active": true,
                                "components": [
                                    {
                                        "enable": true,
                                        "meshName": "shield1.fbx",
                                        "name": "MeshRenderer",
                                        "priority": 0
                                    }
                                ],
                                "layer": 0,
                                "name": "Shield_Mesh",
                                "tag": 0,
                                "transform": {
                                    "child": null,
                                    "pos": [
                                        -0.09351857006549835,
                                        0.3999992609024048,
                                        -15.478448867797852
                                    ],
                                    "rotation": [
                                        0.7228975892066956,
                                        0.6716679334640503,
                                        0.13734835386276245,
                                        -0.08612034469842911
                                    ],
                                    "scale": [
                                        1.0000004768371582,
                                        0.8000004291534424,
                                        0.9999998807907104
                                    ]
                                }
                            }
                        }
                    ],
                    "gameObject": {
                        "active": true,
                        "components": null,
                        "layer": 0,
                        "name": "Shield",
                        "tag": 0,
                        "transform": {
                            "child": [
                                "Shield_Mesh"
                            ],
                            "pos": [
                                0.0,
                                0.3999992609024048,
                                -15.399999618530273
                            ],
                            "rotation": [
                                0.0,
                                0.9990482330322266,
                                0.0,
                                0.04361892491579056
                            ],
                            "scale": [
                                1.0,
                                1.0,
                                1.0
                            ]
                        }
                    }
                }
            ],
            "gameObject": {
                "active": true,
                "components": [
                    {
                        "enable": true,
                        "grabName": "mixamorig:LeftHand",
                        "name": "Rig",
                        "priority": 0
                    }
                ],
                "layer": 0,
                "name": "Player_LeftHand",
                "tag": 0,
                "transform": {
                    "child": [
                        "Shield"
                    ],
                    "pos": [
                        0.0,
                        0.3999992609024048,
                        -15.399999618530273
                    ],
                    "rotation": [
                        0.0,
                        0.9990482330322266,
                        0.0,
                        0.04361892491579056
                    ],
                    "scale": [
                        1.0,
                        1.0,
                        1.0
                    ]
                }
            }
        },
        {
            "childs": [
                {
                    "childs": [
                        {
                            "childs": null,
                            "gameObject": {
                                "active": true,
                                "components": [
                                    {
                                        "enable": true,
                                        "meshName": "Knight_Sword.fbx",
                                        "name": "MeshRenderer",
                                        "priority": 0
                                    }
                                ],
                                "layer": 0,
                                "name": "Weapon_Model",
                                "tag": 0,
                                "transform": {
                                    "child": null,
                                    "pos": [
                                        -0.20000053942203522,
                                        0.5500004291534424,
                                        -15.399993896484375
                                    ],
                                    "rotation": [
                                        -0.618116021156311,
                                        0.7505233883857727,
                                        -0.16874884068965912,
                                        -0.16177445650100708
                                    ],
                                    "scale": [
                                        1.2000008821487427,
                                        1.2000006437301636,
                                        1.200000524520874
                                    ]
                                }
                            }
                        }
                    ],
                    "gameObject": {
                        "active": true,
                        "components": [
                            {
                                "attackableTags": null,
                                "enable": true,
                                "isDebugDisplay": false,
                                "name": "Weapon",
                                "priority": 0
                            },
                            {
                                "angles": [
                                    0.0,
                                    0.0,
                                    0.0
                                ],
                                "center": [
                                    0.0,
                                    1.100000023841858,
                                    0.0
                                ],
                                "enable": true,
                                "height": 1.5399999618530273,
                                "name": "CapsuleCollider",
                                "priority": 0,
                                "radius": 0.5
                            },
                            {
                                "enable": true,
                                "friction": 0.0,
                                "isAwake": false,
                                "isFreezeRot": [
                                    false,
                                    false,
                                    false
                                ],
                                "isTrigger": true,
                                "mass": 1.0,
                                "name": "RigidBody",
                                "priority": 0
                            }
                        ],
                        "layer": 0,
                        "name": "Weapon",
                        "tag": 0,